{
    "Bpod start timestamp":0.007,
    "Raw data":{
        "States":[
            0,
            1,
            2,
            3,
            1,
            2,
            3,
            1,
            2,
            3,
            1,
            2,
            3,
            1,
            2,
            3,
            1
        ],
        "TrialStartTimestamp":0.007,
        "EventTimestamps":[
            0.0001,
            5.3259,
            5.5393,
            7.3349,
            7.6613,
            8.7665,
            8.9682,
            9.9299,
            10.124,
            10.7466,
            11.0109,
            12.0896,
            12.293,
            13.1478,
            13.3496,
            13.7505,
            14.0362,
            14.3967,
            14.6109,
            15.1749,
            15.3126,
            15.7754,
            16.0128,
            16.3191,
            16.4975,
            16.9481,
            17.1155,
            17.5595,
            17.7889,
            18.0907,
            18.222,
            30.0
        ],
        "Events":[
            88,
            48,
            49,
            50,
            51,
            52,
            53,
            48,
            49,
            50,
            51,
            52,
            53,
            48,
            49,
            50,
            51,
            52,
            53,
            48,
            49,
            50,
            51,
            52,
            53,
            48,
            49,
            50,
            51,
            52,
            53,
            69
        ],
        "StateTimestamps":[
            0,
            0.0001,
            5.3259,
            5.5393,
            7.3349,
            7.6613,
            8.7665,
            8.9682,
            9.9299,
            10.124,
            10.7466,
            11.0109,
            12.0896,
            12.293,
            13.1478,
            13.3496,
            13.7505,
            30.0
        ]
    },
    "States timestamps":{
        "TimerTrig":[
            [
                0,
                0.0001
            ]
        ],
        "Port1Active1":[
            [
                0.0001,
                5.3259
            ],
            [
                7.3349,
                7.6613
            ],
            [
                8.9682,
                9.9299
            ],
            [
                10.7466,
                11.0109
            ],
            [
                12.293,
                13.1478
            ],
            [
                13.7505,
                30.0
            ]
        ],
        "Port2Active1":[
            [
                5.3259,
                5.5393
            ],
            [
                7.6613,
                8.7665
            ],
            [
                9.9299,
                10.124
            ],
            [
                11.0109,
                12.0896
            ],
            [
                13.1478,
                13.3496
            ]
        ],
        "Port3Active1":[
            [
                5.5393,
                7.3349
            ],
            [
                8.7665,
                8.9682
            ],
            [
                10.124,
                10.7466
            ],
            [
                12.0896,
                12.293
            ],
            [
                13.3496,
                13.7505
            ]
        ]
    },
    "Events timestamps":{
        "Tup":[
            0.0001
        ],
        "Port1In":[
            5.3259,
            9.9299,
            13.1478,
            15.1749,
            16.9481
        ],
        "Port1Out":[
            5.5393,
            10.124,
            13.3496,
            15.3126,
            17.1155
        ],
        "Port2In":[
            7.3349,
            10.7466,
            13.7505,
            15.7754,
            17.5595
        ],
        "Port2Out":[
            7.6613,
            11.0109,
            14.0362,
            16.0128,
            17.7889
        ],
        "Port3In":[
            8.7665,
            12.0896,
            14.3967,
            16.3191,
            18.0907
        ],
        "Port3Out":[
            8.9682,
            12.293,
            14.6109,
            16.4975,
            18.222
        ],
        "GlobalTimer1_End":[
            30.0
        ]
    }
}