Trial number,1

State name,Start,End
TimerTrig,0,0.0001
Port1Active1,0.0001,5.3259
Port1Active1,7.3349,7.6613
Port1Active1,8.9682,9.9299
Port1Active1,10.7466,11.0109
Port1Active1,12.293,13.1478
Port1Active1,13.7505,30.0
Port2Active1,5.3259,5.5393
Port2Active1,7.6613,8.7665
Port2Active1,9.9299,10.124
Port2Active1,11.0109,12.0896
Port2Active1,13.1478,13.3496
Port3Active1,5.5393,7.3349
Port3Active1,8.7665,8.9682
Port3Active1,10.124,10.7466
Port3Active1,12.0896,12.293
Port3Active1,13.3496,13.7505

Event name,Start,End
Tup,0.0001
Port1In,5.3259,9.9299,13.1478,15.1749,16.9481
Port1Out,5.5393,10.124,13.3496,15.3126,17.1155
Port2In,7.3349,10.7466,13.7505,15.7754,17.5595
Port2Out,7.6613,11.0109,14.0362,16.0128,17.7889
Port3In,8.7665,12.0896,14.3967,16.3191,18.0907
Port3Out,8.9682,12.293,14.6109,16.4975,18.222
GlobalTimer1_End,30.0


Trial start timestamp,0.007
