{
    "Bpod start timestamp":0.008,
    "Raw data":{
        "States":[
            0,
            1,
            2,
            3,
            1,
            2,
            3,
            1,
            2,
            3,
            1
        ],
        "TrialStartTimestamp":0.008,
        "EventTimestamps":[
            0.0001,
            3.2183,
            3.3559,
            3.6874,
            3.7075,
            3.8039,
            3.8793,
            4.6212,
            4.7427,
            5.0031,
            5.2074,
            5.4248,
            5.561,
            5.8304,
            5.9845,
            6.3551,
            6.6195,
            6.812,
            6.9446,
            7.2838,
            7.403,
            7.8394,
            8.0607,
            8.2452,
            8.3849,
            10.0
        ],
        "Events":[
            88,
            48,
            49,
            50,
            51,
            50,
            51,
            48,
            49,
            50,
            51,
            52,
            53,
            48,
            49,
            50,
            51,
            52,
            53,
            48,
            49,
            50,
            51,
            52,
            53,
            69
        ],
        "StateTimestamps":[
            0,
            0.0001,
            3.2183,
            3.3559,
            3.6874,
            3.7075,
            3.8039,
            3.8793,
            4.6212,
            4.7427,
            5.0031,
            10.0
        ]
    },
    "States timestamps":{
        "TimerTrig":[
            [
                0,
                0.0001
            ]
        ],
        "Port1Active1":[
            [
                0.0001,
                3.2183
            ],
            [
                3.6874,
                3.7075
            ],
            [
                3.8793,
                4.6212
            ],
            [
                5.0031,
                10.0
            ]
        ],
        "Port2Active1":[
            [
                3.2183,
                3.3559
            ],
            [
                3.7075,
                3.8039
            ],
            [
                4.6212,
                4.7427
            ]
        ],
        "Port3Active1":[
            [
                3.3559,
                3.6874
            ],
            [
                3.8039,
                3.8793
            ],
            [
                4.7427,
                5.0031
            ]
        ]
    },
    "Events timestamps":{
        "Tup":[
            0.0001
        ],
        "Port1In":[
            3.2183,
            4.6212,
            5.8304,
            7.2838
        ],
        "Port1Out":[
            3.3559,
            4.7427,
            5.9845,
            7.403
        ],
        "Port2In":[
            3.6874,
            3.8039,
            5.0031,
            6.3551,
            7.8394
        ],
        "Port2Out":[
            3.7075,
            3.8793,
            5.2074,
            6.6195,
            8.0607
        ],
        "Port3In":[
            5.4248,
            6.812,
            8.2452
        ],
        "Port3Out":[
            5.561,
            6.9446,
            8.3849
        ],
        "GlobalTimer1_End":[
            10.0
        ]
    }
}