Trial number,1

State name,Start,End
TimerTrig,0,0.0001
Port1Active1,0.0001,3.2183
Port1Active1,3.6874,3.7075
Port1Active1,3.8793,4.6212
Port1Active1,5.0031,10.0
Port2Active1,3.2183,3.3559
Port2Active1,3.7075,3.8039
Port2Active1,4.6212,4.7427
Port3Active1,3.3559,3.6874
Port3Active1,3.8039,3.8793
Port3Active1,4.7427,5.0031

Event name,Start,End
Tup,0.0001
Port1In,3.2183,4.6212,5.8304,7.2838
Port1Out,3.3559,4.7427,5.9845,7.403
Port2In,3.6874,3.8039,5.0031,6.3551,7.8394
Port2Out,3.7075,3.8793,5.2074,6.6195,8.0607
Port3In,5.4248,6.812,8.2452
Port3Out,5.561,6.9446,8.3849
GlobalTimer1_End,10.0


Trial start timestamp,0.008
